{"cameraMode":{"drawMode":0,"name":"Shaded","section":"Shading Mode"},"sceneLighting":false,"audioPlay":false,"sceneViewState":{"showFog":true,"showMaterialUpdate":false,"showSkybox":true,"showFlares":true,"showImageEffects":true,"showParticleSystems":true},"in2DMode":false,"pivot":{"x":-76.87496948242188,"y":-43.13842010498047,"z":-36.84779739379883},"rotation":{"x":-0.005271381698548794,"y":0.9945293068885803,"z":-0.06304740160703659,"w":-0.08311961591243744},"size":3.827410936355591,"orthographic":false}