{"cameraMode":{"drawMode":0,"name":"Shaded","section":"Shading Mode"},"sceneLighting":false,"audioPlay":false,"sceneViewState":{"showFog":true,"showMaterialUpdate":false,"showSkybox":true,"showFlares":true,"showImageEffects":true,"showParticleSystems":true},"in2DMode":false,"pivot":{"x":-0.48973968625068667,"y":1.041797161102295,"z":0.09165191650390625},"rotation":{"x":0.00373664079234004,"y":0.9960729479789734,"z":0.07153088599443436,"w":-0.05204034224152565},"size":4.4328484535217289,"orthographic":false}