{"cameraMode":{"drawMode":0,"name":"Shaded","section":"Shading Mode"},"sceneLighting":false,"audioPlay":false,"sceneViewState":{"showFog":true,"showMaterialUpdate":false,"showSkybox":true,"showFlares":true,"showImageEffects":true,"showParticleSystems":true},"in2DMode":false,"pivot":{"x":-19.53046417236328,"y":-3.4000015258789064,"z":-39.627418518066409},"rotation":{"x":0.0009979831520467997,"y":0.9989570379257202,"z":-0.02728779800236225,"w":0.036594703793525699},"size":22.0,"orthographic":false}