{"cameraMode":{"drawMode":0,"name":"Shaded","section":"Shading Mode"},"sceneLighting":true,"audioPlay":false,"sceneViewState":{"showFog":true,"showMaterialUpdate":false,"showSkybox":true,"showFlares":true,"showImageEffects":true,"showParticleSystems":true},"in2DMode":false,"pivot":{"x":-34.23749542236328,"y":1.7374950647354127,"z":0.8394950032234192},"rotation":{"x":0.005970069672912359,"y":0.9922975897789002,"z":0.1117965504527092,"w":-0.05302376300096512},"size":113.16307067871094,"orthographic":false}