{"cameraMode":{"drawMode":0,"name":"Shaded","section":"Shading Mode"},"sceneLighting":false,"audioPlay":false,"sceneViewState":{"showFog":true,"showMaterialUpdate":false,"showSkybox":true,"showFlares":true,"showImageEffects":true,"showParticleSystems":true},"in2DMode":false,"pivot":{"x":-63.61000061035156,"y":113.0380859375,"z":-36.142677307128909},"rotation":{"x":0.004810425452888012,"y":-0.831302285194397,"z":0.059908509254455569,"w":0.5525617003440857},"size":14.91989803314209,"orthographic":false}