{"cameraMode":{"drawMode":0,"name":"Shaded","section":"Shading Mode"},"sceneLighting":true,"audioPlay":false,"sceneViewState":{"showFog":true,"showMaterialUpdate":false,"showSkybox":true,"showFlares":true,"showImageEffects":true,"showParticleSystems":true},"in2DMode":false,"pivot":{"x":984.7146606445313,"y":358.60577392578127,"z":-541.106201171875},"rotation":{"x":-0.14387290179729463,"y":0.136816143989563,"z":-0.04987053573131561,"w":-0.9788232445716858},"size":219.27235412597657,"orthographic":false}