{"cameraMode":{"drawMode":0,"name":"Shaded","section":"Shading Mode"},"sceneLighting":false,"audioPlay":false,"sceneViewState":{"showFog":true,"showMaterialUpdate":false,"showSkybox":true,"showFlares":true,"showImageEffects":true,"showParticleSystems":true},"in2DMode":false,"pivot":{"x":-0.6677916049957275,"y":0.45943310856819155,"z":0.11543607711791992},"rotation":{"x":-0.005156283732503653,"y":0.9938310980796814,"z":-0.05253169313073158,"w":-0.09753783047199249},"size":6.175027370452881,"orthographic":false}