{"cameraMode":{"drawMode":0,"name":"Shaded","section":"Shading Mode"},"sceneLighting":false,"audioPlay":false,"sceneViewState":{"showFog":true,"showMaterialUpdate":false,"showSkybox":true,"showFlares":true,"showImageEffects":true,"showParticleSystems":true},"in2DMode":false,"pivot":{"x":-46.721439361572269,"y":-1.813915491104126,"z":-70.04325866699219},"rotation":{"x":-0.08070411533117295,"y":0.7020589709281921,"z":-0.08060142397880554,"w":-0.7029250264167786},"size":3.9816744327545168,"orthographic":false}