{"cameraMode":{"drawMode":0,"name":"Shaded","section":"Shading Mode"},"sceneLighting":false,"audioPlay":false,"sceneViewState":{"showFog":false,"showMaterialUpdate":false,"showSkybox":false,"showFlares":false,"showImageEffects":false,"showParticleSystems":false},"in2DMode":false,"pivot":{"x":-1.8437130451202393,"y":-1.5269227027893067,"z":-0.7351880073547363},"rotation":{"x":0.09552530199289322,"y":-0.8856874108314514,"z":0.21000567078590394,"w":0.4029024541378021},"size":8.74438762664795,"orthographic":false}