{"cameraMode":{"drawMode":0,"name":"Shaded","section":"Shading Mode"},"sceneLighting":true,"audioPlay":false,"sceneViewState":{"showFog":true,"showMaterialUpdate":false,"showSkybox":true,"showFlares":true,"showImageEffects":true,"showParticleSystems":true},"in2DMode":false,"pivot":{"x":9754.095703125,"y":-53.03697204589844,"z":1914.7850341796875},"rotation":{"x":0.012940204702317715,"y":0.8232530951499939,"z":-0.018781371414661409,"w":0.5672162771224976},"size":33299.41796875,"orthographic":false}