{"cameraMode":{"drawMode":0,"name":"Shaded","section":"Shading Mode"},"sceneLighting":false,"audioPlay":false,"sceneViewState":{"showFog":true,"showMaterialUpdate":true,"showSkybox":true,"showFlares":true,"showImageEffects":true,"showParticleSystems":true},"in2DMode":false,"pivot":{"x":1.8039493560791016,"y":-0.15969514846801759,"z":2.0872745513916017},"rotation":{"x":0.13561050593852998,"y":-0.41935816407203677,"z":0.06350737065076828,"w":0.8953856229782105},"size":40.908164978027347,"orthographic":false}