{"cameraMode":{"drawMode":0,"name":"Shaded","section":"Shading Mode"},"sceneLighting":false,"audioPlay":false,"sceneViewState":{"showFog":true,"showMaterialUpdate":true,"showSkybox":true,"showFlares":true,"showImageEffects":true,"showParticleSystems":true},"in2DMode":false,"pivot":{"x":-83.35907745361328,"y":54.483680725097659,"z":-16.565338134765626},"rotation":{"x":0.14994008839130402,"y":-0.4236041307449341,"z":0.07131865620613098,"w":0.890500545501709},"size":130.66421508789063,"orthographic":false}