{"cameraMode":{"drawMode":0,"name":"Shaded","section":"Shading Mode"},"sceneLighting":false,"audioPlay":false,"sceneViewState":{"showFog":true,"showMaterialUpdate":true,"showSkybox":true,"showFlares":true,"showImageEffects":true,"showParticleSystems":true},"in2DMode":false,"pivot":{"x":-0.16163325309753419,"y":-0.8074859380722046,"z":12.58322525024414},"rotation":{"x":0.19262421131134034,"y":-0.5572217702865601,"z":0.13476873934268952,"w":0.7963901162147522},"size":7.803346633911133,"orthographic":false}