{"cameraMode":{"drawMode":0,"name":"Shaded","section":"Shading Mode"},"sceneLighting":false,"audioPlay":false,"sceneViewState":{"showFog":true,"showMaterialUpdate":true,"showSkybox":true,"showFlares":true,"showImageEffects":true,"showParticleSystems":true},"in2DMode":false,"pivot":{"x":-67.55378723144531,"y":27.476940155029298,"z":-54.88629913330078},"rotation":{"x":0.01688356138765812,"y":-0.956220805644989,"z":0.05629896745085716,"w":0.28668320178985598},"size":50.026771545410159,"orthographic":false}