{"cameraMode":{"drawMode":0,"name":"Shaded","section":"Shading Mode"},"sceneLighting":true,"audioPlay":false,"sceneViewState":{"showFog":true,"showMaterialUpdate":true,"showSkybox":true,"showFlares":true,"showImageEffects":true,"showParticleSystems":true},"in2DMode":false,"pivot":{"x":-67.33290100097656,"y":4.316967487335205,"z":-4.890261650085449},"rotation":{"x":0.1506902426481247,"y":-0.8393006324768066,"z":0.2920023500919342,"w":0.43313008546829226},"size":2.506258726119995,"orthographic":false}