{"cameraMode":{"drawMode":0,"name":"Shaded","section":"Shading Mode"},"sceneLighting":true,"audioPlay":false,"sceneViewState":{"showFog":true,"showMaterialUpdate":true,"showSkybox":true,"showFlares":true,"showImageEffects":true,"showParticleSystems":true},"in2DMode":false,"pivot":{"x":-0.7696865200996399,"y":3.007030725479126,"z":0.5372864603996277},"rotation":{"x":-0.9557117223739624,"y":-0.032282955944538119,"z":0.11465232819318772,"w":-0.2691240608692169},"size":5.287169933319092,"orthographic":false}