{"cameraMode":{"drawMode":0,"name":"Shaded","section":"Shading Mode"},"sceneLighting":false,"audioPlay":false,"sceneViewState":{"showFog":true,"showMaterialUpdate":true,"showSkybox":true,"showFlares":true,"showImageEffects":true,"showParticleSystems":true},"in2DMode":false,"pivot":{"x":-102.38357543945313,"y":-22.474380493164064,"z":-11.06106185913086},"rotation":{"x":-0.3357429802417755,"y":0.5121110081672669,"z":-0.22703905403614045,"w":-0.7572795152664185},"size":189.34976196289063,"orthographic":false}