{"cameraMode":{"drawMode":0,"name":"Shaded","section":"Shading Mode"},"sceneLighting":false,"audioPlay":false,"sceneViewState":{"showFog":true,"showMaterialUpdate":true,"showSkybox":true,"showFlares":true,"showImageEffects":true,"showParticleSystems":true},"in2DMode":false,"pivot":{"x":-2.802631378173828,"y":-0.7865910530090332,"z":9.873239517211914},"rotation":{"x":-0.21257807314395905,"y":0.17538174986839295,"z":-0.03880937397480011,"w":-0.9604924321174622},"size":21.312469482421876,"orthographic":false}