{"cameraMode":{"drawMode":0,"name":"Shaded","section":"Shading Mode"},"sceneLighting":false,"audioPlay":false,"sceneViewState":{"showFog":true,"showMaterialUpdate":true,"showSkybox":true,"showFlares":true,"showImageEffects":true,"showParticleSystems":true},"in2DMode":false,"pivot":{"x":-67.55378723144531,"y":27.476940155029298,"z":-54.88629913330078},"rotation":{"x":0.07940716296434403,"y":-0.6634511351585388,"z":0.07113070040941239,"w":0.7405859231948853},"size":50.026771545410159,"orthographic":false}