{"cameraMode":{"drawMode":0,"name":"Shaded","section":"Shading Mode"},"sceneLighting":false,"audioPlay":false,"sceneViewState":{"showFog":true,"showMaterialUpdate":true,"showSkybox":true,"showFlares":true,"showImageEffects":true,"showParticleSystems":true},"in2DMode":false,"pivot":{"x":13.800000190734864,"y":1.5,"z":-1.8271458148956299},"rotation":{"x":0.14994008839130402,"y":-0.4236041307449341,"z":0.07131865620613098,"w":0.890500545501709},"size":7.9551591873168949,"orthographic":false}