{"cameraMode":{"drawMode":0,"name":"Shaded","section":"Shading Mode"},"sceneLighting":false,"audioPlay":false,"sceneViewState":{"showFog":true,"showMaterialUpdate":true,"showSkybox":true,"showFlares":true,"showImageEffects":true,"showParticleSystems":true},"in2DMode":false,"pivot":{"x":-9.259269714355469,"y":0.0,"z":-0.0000011324882507324219},"rotation":{"x":-0.17284703254699708,"y":0.0805128887295723,"z":-0.014189798384904862,"w":-0.9815499782562256},"size":32.38429260253906,"orthographic":false}