{"cameraMode":{"drawMode":0,"name":"Shaded","section":"Shading Mode"},"sceneLighting":false,"audioPlay":false,"sceneViewState":{"showFog":true,"showMaterialUpdate":true,"showSkybox":true,"showFlares":true,"showImageEffects":true,"showParticleSystems":true},"in2DMode":false,"pivot":{"x":12.455000877380371,"y":-14.399999618530274,"z":-26.600000381469728},"rotation":{"x":-0.3357429802417755,"y":0.5121110081672669,"z":-0.22703905403614045,"w":-0.7572795152664185},"size":33.61116027832031,"orthographic":false}