{"cameraMode":{"drawMode":0,"name":"Shaded","section":"Shading Mode"},"sceneLighting":false,"audioPlay":false,"sceneViewState":{"showFog":true,"showMaterialUpdate":false,"showSkybox":true,"showFlares":true,"showImageEffects":true,"showParticleSystems":true},"in2DMode":false,"pivot":{"x":-0.7954134941101074,"y":-0.19722092151641847,"z":-0.29893290996551516},"rotation":{"x":-0.07400181144475937,"y":0.68582683801651,"z":-0.07038596272468567,"w":-0.7205631136894226},"size":3.5456953048706056,"orthographic":false}