{"cameraMode":{"drawMode":0,"name":"Shaded","section":"Shading Mode"},"sceneLighting":true,"audioPlay":false,"sceneViewState":{"showFog":true,"showMaterialUpdate":true,"showSkybox":true,"showFlares":true,"showImageEffects":true,"showParticleSystems":true},"in2DMode":false,"pivot":{"x":-117.0199966430664,"y":-8.161665916442871,"z":277.3450012207031},"rotation":{"x":0.17177623510360719,"y":-0.6992042064666748,"z":0.1791422963142395,"w":0.6704583168029785},"size":7.277553558349609,"orthographic":false}