{"cameraMode":{"drawMode":0,"name":"Shaded","section":"Shading Mode"},"sceneLighting":false,"audioPlay":false,"sceneViewState":{"showFog":true,"showMaterialUpdate":true,"showSkybox":true,"showFlares":true,"showImageEffects":true,"showParticleSystems":true},"in2DMode":false,"pivot":{"x":-0.43711692094802859,"y":-0.44984549283981326,"z":-33.48848342895508},"rotation":{"x":-0.18896274268627168,"y":0.5694730877876282,"z":-0.13641265034675599,"w":-0.7882798910140991},"size":3.2736148834228517,"orthographic":false}