{"cameraMode":{"drawMode":0,"name":"Shaded","section":"Shading Mode"},"sceneLighting":false,"audioPlay":false,"sceneViewState":{"showFog":true,"showMaterialUpdate":true,"showSkybox":true,"showFlares":true,"showImageEffects":true,"showParticleSystems":true},"in2DMode":false,"pivot":{"x":0.01487809419631958,"y":-0.8061710000038147,"z":0.7336469292640686},"rotation":{"x":0.14994008839130402,"y":-0.4236041307449341,"z":0.07131865620613098,"w":0.890500545501709},"size":3.9971516132354738,"orthographic":false}