{"cameraMode":{"drawMode":0,"name":"Shaded","section":"Shading Mode"},"sceneLighting":false,"audioPlay":false,"sceneViewState":{"showFog":true,"showMaterialUpdate":true,"showSkybox":true,"showFlares":true,"showImageEffects":true,"showParticleSystems":true},"in2DMode":false,"pivot":{"x":-149.13687133789063,"y":13.373238563537598,"z":70.00467681884766},"rotation":{"x":-0.19095470011234284,"y":0.496929407119751,"z":-0.11312379688024521,"w":-0.83892822265625},"size":7.942346572875977,"orthographic":false}