{"cameraMode":{"drawMode":0,"name":"Shaded","section":"Shading Mode"},"sceneLighting":false,"audioPlay":false,"sceneViewState":{"showFog":true,"showMaterialUpdate":false,"showSkybox":true,"showFlares":true,"showImageEffects":true,"showParticleSystems":true},"in2DMode":false,"pivot":{"x":1.0896172523498536,"y":-0.040485382080078128,"z":-1.6536154747009278},"rotation":{"x":0.06743859499692917,"y":-0.9323179125785828,"z":0.24035890400409699,"w":0.26165449619293215},"size":9.48523235321045,"orthographic":false}