{"cameraMode":{"drawMode":0,"name":"Shaded","section":"Shading Mode"},"sceneLighting":false,"audioPlay":false,"sceneViewState":{"showFog":true,"showMaterialUpdate":true,"showSkybox":true,"showFlares":true,"showImageEffects":true,"showParticleSystems":true},"in2DMode":false,"pivot":{"x":-59.5609245300293,"y":102.48721313476563,"z":-357.9668273925781},"rotation":{"x":-0.3357429802417755,"y":0.5121110081672669,"z":-0.22703905403614045,"w":-0.7572795152664185},"size":47.326194763183597,"orthographic":false}