{"cameraMode":{"drawMode":0,"name":"Shaded","section":"Shading Mode"},"sceneLighting":false,"audioPlay":false,"sceneViewState":{"showFog":true,"showMaterialUpdate":true,"showSkybox":true,"showFlares":true,"showImageEffects":true,"showParticleSystems":true},"in2DMode":false,"pivot":{"x":1.6896753311157227,"y":2.127540111541748,"z":-0.4508323669433594},"rotation":{"x":0.14994008839130402,"y":-0.4236041307449341,"z":0.07131865620613098,"w":0.890500545501709},"size":5.135515213012695,"orthographic":false}