{"cameraMode":{"drawMode":0,"name":"Shaded","section":"Shading Mode"},"sceneLighting":false,"audioPlay":false,"sceneViewState":{"showFog":true,"showMaterialUpdate":true,"showSkybox":true,"showFlares":true,"showImageEffects":true,"showParticleSystems":true},"in2DMode":false,"pivot":{"x":-162.44119262695313,"y":31.774049758911134,"z":118.84407043457031},"rotation":{"x":0.14994008839130402,"y":-0.4236041307449341,"z":0.07131865620613098,"w":0.890500545501709},"size":204.63279724121095,"orthographic":false}