{"cameraMode":{"drawMode":0,"name":"Shaded","section":"Shading Mode"},"sceneLighting":false,"audioPlay":false,"sceneViewState":{"showFog":true,"showMaterialUpdate":true,"showSkybox":true,"showFlares":true,"showImageEffects":true,"showParticleSystems":true},"in2DMode":false,"pivot":{"x":-45.6405029296875,"y":-1.8304262161254883,"z":-71.47615051269531},"rotation":{"x":0.03566722199320793,"y":0.9620498418807983,"z":-0.1545751541852951,"w":0.22202372550964356},"size":7.486209392547607,"orthographic":false}