{"cameraMode":{"drawMode":0,"name":"Shaded","section":"Shading Mode"},"sceneLighting":false,"audioPlay":false,"sceneViewState":{"showFog":true,"showMaterialUpdate":true,"showSkybox":true,"showFlares":true,"showImageEffects":true,"showParticleSystems":true},"in2DMode":false,"pivot":{"x":38.82658386230469,"y":-2.27131724357605,"z":-35.37483596801758},"rotation":{"x":0.05018472298979759,"y":0.9494701623916626,"z":-0.20566292107105256,"w":0.23171262443065644},"size":11.297521591186524,"orthographic":false}