{"cameraMode":{"drawMode":0,"name":"Shaded","section":"Shading Mode"},"sceneLighting":true,"audioPlay":false,"sceneViewState":{"showFog":true,"showMaterialUpdate":true,"showSkybox":true,"showFlares":true,"showImageEffects":true,"showParticleSystems":true},"in2DMode":false,"pivot":{"x":-5.289999961853027,"y":0.1929999589920044,"z":0.0},"rotation":{"x":0.03580983728170395,"y":-0.8034878373146057,"z":-0.04844343662261963,"w":-0.5922653675079346},"size":3.970353364944458,"orthographic":false}