{"cameraMode":{"drawMode":0,"name":"Shaded","section":"Shading Mode"},"sceneLighting":false,"audioPlay":false,"sceneViewState":{"showFog":true,"showMaterialUpdate":false,"showSkybox":true,"showFlares":true,"showImageEffects":true,"showParticleSystems":true},"in2DMode":false,"pivot":{"x":-19.53046417236328,"y":-3.4000015258789064,"z":-39.627418518066409},"rotation":{"x":0.08700539916753769,"y":-0.7513114213943481,"z":0.10113497078418732,"w":0.6463226675987244},"size":22.0,"orthographic":false}