{"cameraMode":{"drawMode":0,"name":"Shaded","section":"Shading Mode"},"sceneLighting":false,"audioPlay":false,"sceneViewState":{"showFog":true,"showMaterialUpdate":false,"showSkybox":true,"showFlares":true,"showImageEffects":true,"showParticleSystems":true},"in2DMode":false,"pivot":{"x":-0.7909718751907349,"y":-0.030268877744674684,"z":0.2431207299232483},"rotation":{"x":-0.045419368892908099,"y":-0.9514160752296448,"z":0.2513754963874817,"w":-0.17191559076309205},"size":2.7909457683563234,"orthographic":false}