{"cameraMode":{"drawMode":0,"name":"Shaded","section":"Shading Mode"},"sceneLighting":true,"audioPlay":false,"sceneViewState":{"showFog":true,"showMaterialUpdate":false,"showSkybox":true,"showFlares":true,"showImageEffects":true,"showParticleSystems":true},"in2DMode":false,"pivot":{"x":-1.151801586151123,"y":1.6992658376693726,"z":1.103169560432434},"rotation":{"x":0.03723631799221039,"y":0.7798506617546082,"z":0.046607472002506259,"w":-0.6231164932250977},"size":5.674152851104736,"orthographic":false}