{"cameraMode":{"drawMode":0,"name":"Shaded","section":"Shading Mode"},"sceneLighting":false,"audioPlay":false,"sceneViewState":{"showFog":true,"showMaterialUpdate":false,"showSkybox":true,"showFlares":true,"showImageEffects":true,"showParticleSystems":true},"in2DMode":false,"pivot":{"x":0.05313920974731445,"y":1.475498914718628,"z":-1.372819423675537},"rotation":{"x":-0.10652189701795578,"y":-0.03966483101248741,"z":0.004252698738127947,"w":-0.993509829044342},"size":4.630681037902832,"orthographic":false}