{"cameraMode":{"drawMode":0,"name":"Shaded","section":"Shading Mode"},"sceneLighting":false,"audioPlay":false,"sceneViewState":{"showFog":true,"showMaterialUpdate":false,"showSkybox":true,"showFlares":true,"showImageEffects":true,"showParticleSystems":true},"in2DMode":false,"pivot":{"x":170.44241333007813,"y":612.435791015625,"z":22.174270629882814},"rotation":{"x":0.03262669965624809,"y":-0.0599631704390049,"z":-0.001958113396540284,"w":-0.9976653456687927},"size":119.57396697998047,"orthographic":false}