{"cameraMode":{"drawMode":0,"name":"Shaded","section":"Shading Mode"},"sceneLighting":true,"audioPlay":false,"sceneViewState":{"showFog":true,"showMaterialUpdate":false,"showSkybox":true,"showFlares":true,"showImageEffects":true,"showParticleSystems":true},"in2DMode":false,"pivot":{"x":-143.72052001953126,"y":-7.8553009033203129,"z":17.480077743530275},"rotation":{"x":0.17796625196933747,"y":-0.48118311166763308,"z":0.10045215487480164,"w":0.8524671792984009},"size":26.63068389892578,"orthographic":false}