{"cameraMode":{"drawMode":0,"name":"Shaded","section":"Shading Mode"},"sceneLighting":true,"audioPlay":false,"sceneViewState":{"showFog":true,"showMaterialUpdate":false,"showSkybox":true,"showFlares":true,"showImageEffects":true,"showParticleSystems":true},"in2DMode":false,"pivot":{"x":-5.610000133514404,"y":1.3329999446868897,"z":0.0},"rotation":{"x":-0.10652189701795578,"y":-0.03966483101248741,"z":0.004252698738127947,"w":-0.993509829044342},"size":4.467848777770996,"orthographic":false}